<NotepadPlus>
    <UserLang name="Neon" ext="" udlVersion="2.1">
        <Settings>
            <Global caseIgnored="no" allowFoldOfComments="no" foldCompact="no" forcePureLC="0" decimalSeparator="0" />
            <Prefix Keywords1="no" Keywords2="no" Keywords3="no" Keywords4="no" Keywords5="no" Keywords6="no" Keywords7="no" Keywords8="no" />
        </Settings>
        <KeywordLists>
            <Keywords name="Comments">00# 01 02 03$ 04$</Keywords>
            <Keywords name="Numbers, prefix1">-</Keywords>
            <Keywords name="Numbers, prefix2">0x 0b</Keywords>
            <Keywords name="Numbers, extras1"></Keywords>
            <Keywords name="Numbers, extras2"></Keywords>
            <Keywords name="Numbers, suffix1"></Keywords>
            <Keywords name="Numbers, suffix2"></Keywords>
            <Keywords name="Numbers, range"></Keywords>
            <Keywords name="Operators1">+ * - / ** == != &lt;= &gt;= &lt; &gt; = += -= /= *= ++ -- % // &amp; -&gt; : , ; @ &lt;- :=</Keywords>
            <Keywords name="Operators2">and or xor not in del EE</Keywords>
            <Keywords name="Folders in code1, open">do then</Keywords>
            <Keywords name="Folders in code1, middle"></Keywords>
            <Keywords name="Folders in code1, close">end</Keywords>
            <Keywords name="Folders in code2, open"></Keywords>
            <Keywords name="Folders in code2, middle"></Keywords>
            <Keywords name="Folders in code2, close"></Keywords>
            <Keywords name="Folders in comment, open"></Keywords>
            <Keywords name="Folders in comment, middle"></Keywords>
            <Keywords name="Folders in comment, close"></Keywords>
            <Keywords name="Keywords1">if elif else while for continue break return function method import pass local try except atomic parallel</Keywords>
            <Keywords name="Keywords2">True False None</Keywords>
            <Keywords name="Keywords3">print input nbr str len substring exit append remove insert type reverse eval clear help randint quitError time chr ord output assert list_comp create_exception exception int index replace count list sort_asc sort_desc sin cos tan deg rad sqrt ln exp log log2 round abs ceil floor readFile writeFile</Keywords>
            <Keywords name="Keywords4"></Keywords>
            <Keywords name="Keywords5">SyntaxError FileNotFound UnmeasurableObject UndefinedVariable IncorrectFunctionCall MemoryError NonIndexableObject IncorrectListIndex OutOfBounds IncorrectType DivisionByZero UnknownError AssertionFailed</Keywords>
            <Keywords name="Keywords6">pi __version__ __name__ __platform__ __args__ Infinity NegInfinity NaN __local_args__</Keywords>
            <Keywords name="Keywords7"></Keywords>
            <Keywords name="Keywords8"></Keywords>
            <Keywords name="Delimiters">00&quot; 01 02&quot; 03[ 04 05] 06( 07 08) 09&apos; 10 11&apos; 12 13 14 15 16 17 18 19 20 21 22 23</Keywords>
        </KeywordLists>
        <Styles>
            <WordsStyle name="DEFAULT" fgColor="000000" bgColor="FFFFFF" fontStyle="0" nesting="0" />
            <WordsStyle name="COMMENTS" fgColor="4B4B4B" bgColor="FFFFFF" fontStyle="0" nesting="0" />
            <WordsStyle name="LINE COMMENTS" fgColor="6B6B6B" bgColor="FFFFFF" fontStyle="0" nesting="0" />
            <WordsStyle name="NUMBERS" fgColor="00C8F2" bgColor="FFFFFF" fontStyle="1" nesting="0" />
            <WordsStyle name="KEYWORDS1" fgColor="0D0DFF" bgColor="FFFFFF" fontName="Courier New" fontStyle="1" fontSize="11" nesting="0" />
            <WordsStyle name="KEYWORDS2" fgColor="000080" bgColor="FFFFFF" fontStyle="1" nesting="0" />
            <WordsStyle name="KEYWORDS3" fgColor="000000" bgColor="FFFFFF" fontStyle="2" fontSize="10" nesting="0" />
            <WordsStyle name="KEYWORDS4" fgColor="FF00FF" bgColor="FFFFFF" fontName="Courier New" fontStyle="1" fontSize="11" nesting="0" />
            <WordsStyle name="KEYWORDS5" fgColor="FF0D0D" bgColor="FFFFFF" fontStyle="0" nesting="0" />
            <WordsStyle name="KEYWORDS6" fgColor="000080" bgColor="FFFFFF" fontStyle="2" nesting="0" />
            <WordsStyle name="KEYWORDS7" fgColor="000000" bgColor="FFFFFF" fontStyle="0" nesting="0" />
            <WordsStyle name="KEYWORDS8" fgColor="000000" bgColor="FFFFFF" fontStyle="0" nesting="0" />
            <WordsStyle name="OPERATORS" fgColor="E10000" bgColor="FFFFFF" fontStyle="1" nesting="0" />
            <WordsStyle name="FOLDER IN CODE1" fgColor="FF00FF" bgColor="FFFFFF" fontName="Courier New" fontStyle="1" fontSize="11" nesting="0" />
            <WordsStyle name="FOLDER IN CODE2" fgColor="000000" bgColor="FFFFFF" fontStyle="0" nesting="0" />
            <WordsStyle name="FOLDER IN COMMENT" fgColor="000000" bgColor="FFFFFF" fontStyle="0" nesting="0" />
            <WordsStyle name="DELIMITERS1" fgColor="00A400" bgColor="FFFFFF" fontStyle="0" nesting="0" />
            <WordsStyle name="DELIMITERS2" fgColor="C40062" bgColor="FFFFFF" fontStyle="0" nesting="117463823" />
            <WordsStyle name="DELIMITERS3" fgColor="000000" bgColor="FFFFFF" fontStyle="0" nesting="117463823" />
            <WordsStyle name="DELIMITERS4" fgColor="00A400" bgColor="FFFFFF" fontStyle="0" nesting="0" />
            <WordsStyle name="DELIMITERS5" fgColor="000000" bgColor="FFFFFF" fontStyle="0" nesting="0" />
            <WordsStyle name="DELIMITERS6" fgColor="000000" bgColor="FFFFFF" fontStyle="0" nesting="0" />
            <WordsStyle name="DELIMITERS7" fgColor="000000" bgColor="FFFFFF" fontStyle="0" nesting="0" />
            <WordsStyle name="DELIMITERS8" fgColor="000000" bgColor="FFFFFF" fontStyle="0" nesting="0" />
        </Styles>
    </UserLang>
</NotepadPlus>
